use FLEXDB;

INSERT INTO Campus (CampusID, CampusName, CampusLocation) VALUES 
(1, 'Islamabad Campus', 'Islamabad'),
(2, 'Karachi Campus', 'Karachi'),
(3, 'Faisalabad Campus', 'Faisalabad'),
(4, 'Lahore Campus', 'Lahore'),
(5, 'Peshawar Campus', 'Peshawar');

INSERT INTO Degree(DegreeID, DegreeCode, Degree, FieldOfStudy) VALUES
(1, 'BS(CS)', 'Bachelors', 'Computer Sciences'),
(2, 'BS(SE)', 'Bachelors', 'Software Engineering'),
(3, 'BS(AI)', 'Bachelors', 'Artificial Intelligence'),
(4, 'BS(DS)', 'Bachelors', 'Data Sciences'),
(5, 'BS(CY)', 'Bachelors', 'Cyber Security'),
(6, 'BS(EE)', 'Bachelors', 'Electrical Engineering'),
(7, 'BBA',    'Bachelors', 'Business Administration'),
(8, 'MS(CS)', 'Bachelors', 'Computer Sciences'),
(9, 'MS(SE)', 'Bachelors', 'Software Engineering'),
(10, 'MS(AI)', 'Bachelors', 'Artificial Intelligence'),
(11, 'MS(DS)', 'Bachelors', 'Data Sciences'),
(12, 'MS(CY)', 'Bachelors', 'Cyber Security');

INSERT INTO CampusDegree(DegreeID, CampusID) VALUES
(1, 1),
(2, 1),
(3, 1),
(4, 1),
(5, 1),
(6, 1),
(7, 1),
(8, 1),
(9, 1),
(10, 1),
(11, 1),
(12, 1),
(1, 2),
(2, 2),
(3, 2),
(4, 2),
(5, 2),
(6, 2),
(8, 2),
(9, 2),
(1, 3),
(2, 3),
(3, 3),
(4, 3),
(5, 3),
(6, 3),
(7, 3),
(8, 3),
(9, 3),
(10, 3),
(11, 3),
(12, 3),
(1, 4),
(2, 4),
(3, 4),
(4, 4),
(5, 4),
(6, 4),
(7, 4),
(8, 4),
(9, 4),
(1, 5),
(2, 5),
(3, 5),
(5, 5),
(6, 5),
(8, 5),
(9, 5),
(10, 5);


INSERT INTO Users (UserID,FirstName, LastName, NUemail, Password, CampusID) VALUES
(1,'Raza', 'Ahmed', 'raza.ahmed@nu.edu.pk', 'pass123', 1), --students
(2,'Mohsin', 'Naqvi', 'mohsin.naqvi@nu.edu.pk', 'pass456', 1),
(3,'Salar', 'Murtaza', 'salar.murtaza@nu.edu.pk', 'pass789', 2),
(4,'Sarah', 'Johnson', 'sarah.johnson@nu.edu.pk', 'pass101', 3),
(5,'Ahmed', 'Ali', 'ahmed.ali@nu.edu.pk', 'pass111', 4),
(6,'Fatima', 'Raza', 'fatima.raza@nu.edu.pk', 'pass222', 5),
(7,'Muhammad', 'Ibrahim', 'muhammad.ibrahim@nu.edu.pk', 'pass333', 1),
(8,'Sana', 'Khan', 'sana.khan@nu.edu.pk', 'pass444', 2),
(9,'Ali', 'Hussain', 'ali.hussain@nu.edu.pk', 'pass555', 3),
(10,'Nimra', 'Ahmed', 'nimra.ahmed@nu.edu.pk', 'pass666', 4),
(11,'Munir', 'Ahmad', 'munir.ahmad@nu.edu.pk', 'pass777', 5),
(12,'Halis', 'Umar', 'halis.umar@nu.edu.pk', 'pass888', 1),
(13,'Kamran', 'Hayat', 'kamran.hayat@nu.edu.pk', 'pass999', 2),
(14,'Muhammad', 'Ahsan', 'muhammad.ahsan@nu.edu.pk', 'pass1234', 3),
(15,'Sultan', 'haseeb', 'sultan.haseeb@nu.edu.pk', 'pass567', 4);


INSERT INTO  UserInfo(InfoID, DOB, FatherName, GuardianName, Gender, ContactNo, Cnic, Nationality, PersonalEmail, Address, City, Country) VALUES
(1,'1997-01-01','Ali Ahmed','Ali Ahmed','Male', '0333-1234567', '12345-6789123-1', 'Pakistani', 'raza.ahmed@gmail.com', '123 Main Street', 'Karachi', 'Pakistan'),
(2, '1998-05-05','Usman Naqvi','Usman Naqvi', 'Male', '0333-2345678', '23456-7891234-2', 'Pakistani', 'mohsin.naqvi@gmail.com', '456 Second Street', 'Karachi', 'Pakistan'),
(3,'1995-07-10','Hussain Murtaza','Hussain Murtaza','Male', '0333-3456789', '34567-8912345-3', 'Pakistani', 'salar.murtaza@gmail.com', '789 Third Street', 'Islamabad', 'Pakistan'),
(4,'1996-09-15','Johnson Smith','Johnson Smith','Female', '0333-4567890', '45678-9123456-4', 'American', 'sarah.johnson@gmail.com', '101 Fourth Street', 'New York', 'USA'),
(5,'1999-02-28','Ali Abbas','Ali Abbas','Male', '0333-5678901', '56789-1234567-5', 'Pakistani', 'ahmed.ali@gmail.com', '123 Fifth Street', 'Islamabad', 'Pakistan'),
(6,'1997-03-20','Muhammad Raza','Muhammad Raza','Female', '0333-6789012', '67890-2345678-6', 'Pakistani', 'fatima.raza@gmail.com', '456 Sixth Street', 'Lahore', 'Pakistan'),
(7,'1998-11-11','Ibrahim Ali','Javaid Ibrahim','Male', '03451234567', '12345-6789012-7', 'Pakistani', 'muhammad.ibrahim@gmail.com', '123 Main Street', 'Lahore', 'Pakistan'),
(8,'1996-06-07','Ali Khan','Ali Khan','Female', '03458765432', '12345-8289012-8', 'Pakistani', 'sana.khan@hotmail.com', '456 Market Street', 'Lahore', 'Pakistan'),
(9,'1995-09-28','Hussain Amjad','Bangash Hussain', 'Male', '03451234567', '12345-6789012-9', 'Pakistani', 'ali.hussain@yahoo.com', '789 Park Avenue', 'Islamabad', 'Pakistan'),
(10,'1997-12-31','Ahmed Munir','Ahmed Munir', 'Female', '03458765432', '12345-6789012-1', 'Pakistani', 'nimra.ahmed@gmail.com', '1234 South Avenue', 'Islamabad', 'Pakistan'),
(11,'1994-04-21','Ahmad Jan','Ahmad Jan', 'Male', '03451234567', '12345-6789012-4', 'American', 'munir.ahmad@yahoo.com', '4567 North Street', 'Lahore', 'Pakistan'),
(12,'1993-08-12','Umar Kamran','Umar Kamran',  'Female', '03458765432', '12345-6789012-5', 'Mexican', 'halis.umar@hotmail.com', '890 East Street', 'Multan', 'Pakistan'),
(13,'1996-06-20','Hayat Ali','Hayat Ali', 'Male', '03451234567', '12345-6789012-2', 'Canadian', 'kamran.hayat@gmail.com', '3456 West Avenue', 'Mian Chunnu', 'Pakistan'),
(14,'1998-07-14','Ahsan Sufi','Ahsan Sufi', 'Female', '03458765432', '12345-6789012-6', 'Australian', 'muhammad.ahsan@yahoo.com', '7890 East Street', 'Bhakkar', 'Pakistan'),
(15,'1997-09-28','Haseeb Muhammad','Jan Haseeb', 'Male', '0333-9876543', '12345-6789012-8', 'Pakistani', 'sultan.haseeb@gmail.com', '123 Main Street', 'Noshki', 'Pakistan');

-- Academics Table
INSERT INTO Academics(AcademicsID ,UserID, Position) VALUES 
(1, 1, 'Accountant'),
(2, 2, 'Finance'),
(3, 3, 'Admissions');

-- Students Table
INSERT INTO Students (StudentId, RollNo, AdmissionDate, DegreeID, UserID, Semester) VALUES
(1, '18I-0002', '2018-06-01', 2, 1, 1),
(2, '18I-0001', '2018-06-01', 1, 2, 1),
(3, '18I-0003', '2018-06-01', 3, 3, 1),
(4, '19I-0001', '2019-06-01', 4, 4, 1),
(5, '19I-0002', '2019-06-01', 5, 5, 1),
(6, '19I-0003', '2019-06-01', 6, 6, 1),
(7, '20I-0001', '2020-06-01', 7, 7, 1),
(8, '20I-0002', '2020-06-01', 8, 8, 1),
(9, '20I-0003', '2020-06-01', 9, 9, 1);

-- Faculty Table
INSERT INTO Faculty (FacultyID, UserID) VALUES
(1, 13),
(2, 14),
(3, 15);

INSERT INTO Courses (CourseID, CourseCode, CourseName, CreditHours) 
VALUES 
(1, 'CS101', 'Programming Fundamentals', 4),
(2, 'CS301', 'Data Structures and Algorithms', 4),
(3, 'CS201', 'Object Oriented Languages', 4),
(4, 'CS401', 'Operating Systems', 4),
(5, 'CS402', 'Database Systems', 4),
(6, 'CS403', 'Algorithms', 4),
(7, 'CS501', 'Artificial Intelligence', 3),
(8, 'CS602', 'Machine Learning', 3),
(9, 'EE101', 'Introduction to Electrical Engineering', 3),
(10, 'EE201', 'Circuit Analysis and Design', 4),
(11, 'EE301', 'Computer Organization and Assembly Language', 4),
(12, 'EE501', 'Digital Signal Processing', 4),
(13, 'EE601', 'Power Systems', 3),
(14, 'EE402', 'Control Systems', 3),
(15, 'MT205','Probability and Statistics',3),
(16, 'MG101','Fundamentals of Management',3),
(17, 'MG102','Marketing Management',3);

INSERT INTO Prerequisites (CourseID, PreqID) VALUES 
(3, 1),
(2, 3),
(4, 2),
(5, 2),
(6, 2),
(7,6),
(9,8),
(11,10),
(13,12),
(16,15)
;

INSERT INTO FacultyCourses(FcID, CourseID, FacultyID) VALUES
(1, 1, 1),
(2, 2, 2),
(3, 3, 3),
(4, 4, 1),
(5, 5, 2),
(6, 6, 3),
(7, 7, 1),
(8, 8, 2),
(9, 9, 3),
(10, 10, 3);

INSERT INTO Sections (SectionID, SectionName, DegreeId, CAPACITY, AvailableSeats) VALUES
(1, 'A', 1, 50, 50),
(2, 'B', 1, 40, 40),
(3, 'C', 1, 30, 30),
(4, 'D', 1, 35, 35),
(5, 'A', 2, 50, 50),
(6, 'B', 2, 40, 40),
(7, 'C', 2, 30, 30),
(8, 'D', 2, 35, 35),
(9, 'A', 3, 50, 50),
(10, 'B', 3, 40, 40),
(11, 'C', 3, 30, 30),
(12, 'D', 3, 35, 35),
(13, 'A', 4, 50, 50),
(14, 'B', 4, 40, 40),
(15, 'C', 4, 30, 30),
(16, 'D', 4, 35, 35),
(17, 'A', 5, 50, 50),
(18, 'B', 5, 40, 40),
(19, 'C', 5, 30, 30),
(20, 'D', 5, 35, 35),
(21, 'A', 6, 50, 50),
(22, 'B', 6, 40, 40),
(23, 'C', 6, 30, 30),
(24, 'D', 6, 35, 35),
(25, 'A', 7, 50, 50),
(26, 'B', 7, 40, 40),
(27, 'C', 7, 30, 30),
(28, 'D', 7, 35, 35),
(29, 'A', 8, 50, 50),
(30, 'B', 8, 40, 40),
(31,'C', 8, 30, 30),
(32,'D', 8, 35, 35),
(33,'A', 9, 50, 50),
(34,'B', 9, 40, 40),
(35,'C', 9, 30, 30),
(36,'D', 9, 35, 35),
(37,'A', 10, 50, 50),
(38,'B', 10, 40, 40),
(39,'C', 10, 30, 30),
(41, 'D', 10, 35, 35),
(42, 'A', 11, 50, 50),
(43, 'B', 11, 40, 40),
(44, 'C', 11, 30, 30),
(45, 'D', 11, 35, 35),
(46, 'A', 12, 50, 50),
(47, 'B', 12, 40, 40),
(48, 'C', 12, 30, 30),
(49, 'D', 12, 35, 35);

INSERT INTO CourseOfferings (CourseID, Semester, Year, CourseType) VALUES 
(1, 1, 2018, 'Core'),
(1, 1, 2019, 'Core'),
(1, 1, 2020, 'Core'),
(1, 1, 2021, 'Core'),
(1, 1, 2022, 'Core'),
(2, 3, 2018, 'Core'),
(2, 3, 2019, 'Core'),
(2, 3, 2020, 'Core'),
(2, 3, 2021, 'Core'),
(2, 3, 2022, 'Core'),
(6, 2, 2022, 'Core'),
(7, 1, 2022, 'Core'),
(8, 2, 2022, 'Core'),
(9, 1, 2022, 'Core'),
(10, 2, 2022, 'Core');

INSERT INTO UserCourses (UserID, CourseID , Semester) VALUES
(1, 1, 1),
(2, 2, 1),
(4, 3, 1),
(4, 4, 1),
(5, 5, 1),
(6, 6, 1),
(7, 7, 1),
(8, 8, 1),
(9, 9, 1),
(10, 10, 1),
(11, 1, 1),
(12, 2, 1),
(13, 3, 1),
(14, 4, 1),
(15, 5, 1);

INSERT INTO Attendance (AttendanceID, UserID, CourseID, AttendanceDate, Duration, Presence) VALUES 
(1, 1, 1, '2023-05-01', 1.5, 'P'),
(2, 1, 1, '2023-05-02', 1.5, 'P'),
(3, 1, 1, '2023-05-03', 1.5, 'P'),
(4, 1, 1, '2023-05-04', 1.5, 'P'),
(5, 1, 1, '2023-05-05', 1.5, 'A'),
(6, 1, 1, '2023-05-06', 1.5, 'P'),
(7, 1, 1, '2023-05-07', 1.5, 'P'),
(8, 1, 1, '2023-05-08', 1.5, 'P'),
(9, 1, 1, '2023-05-09', 1.5, 'L'),
(10, 2, 1, '2023-05-01', 1.5, 'P'),
(11, 3, 1, '2023-05-01', 1.5, 'A'),
(12, 4, 1, '2023-05-01', 1.5, 'P'),
(13, 5, 2, '2023-05-01', 1.5, 'L'),
(14, 6, 2, '2023-05-01', 1.5, 'P'),
(15, 7, 2, '2023-05-01', 1.5, 'L'),
(16, 8, 2, '2023-05-01', 1.5, 'P');

INSERT INTO Assessments (AssessmentID, AssessmentNo, CourseID, UserID, AssessmentType, TotalMarks, Marks) VALUES 
(1, 1, 1, 1, 'Assignment', 50, 40),
(2, 1, 1, 1, 'Quiz', 20, 18),
(3, 1, 1, 1, 'SessionalExam', 100, 75),
(4, 1, 1, 1, 'Project', 200, 160),
(5, 1, 1, 1, 'FinalExam', 150, 135),
(6, 2, 2, 1, 'Assignment', 50, 45),
(7, 2, 2, 1, 'Quiz', 20, 20),
(8, 2, 2, 1, 'SessionalExam', 100, 80);